{"stats":{"minecraft:used":{"irons_spellbooks:inscription_table":2,"minecraft:trident":5,"minecraft:stone_sword":9,"minecraft:armor_stand":1,"minecraft:shield":7,"minecraft:iron_sword":38,"minecraft:spyglass":46,"minecraft:anvil":1,"minecraft:spruce_stairs":1,"minecraft:jungle_planks":5,"wom:iron_greataxe":134,"alexsmobs:bison_carpet":1,"epicfight:iron_greatsword":101,"untamedwilds:food_bear_cooked":5,"minecraft:lantern":1,"epicfight:stone_greatsword":32,"quark:bonded_leather":1,"minecraft:bow":79,"minecraft:beef":2,"untamedwilds:material_fat":3,"minecraft:potato":8,"minecraft:egg":1,"minecraft:acacia_boat":1,"minecraft:water_bucket":1,"minecraft:leather_leggings":1,"minecraft:stone_pickaxe":32,"minecraft:gray_carpet":1,"minecraft:oak_planks":1,"minecraft:leather_chestplate":1,"minecraft:wooden_pickaxe":4,"epicfight:iron_longsword":7,"untamedwilds:food_bear_raw":8,"minecraft:leather_boots":1,"minecraft:sugar_cane":5,"supplementaries:slingshot":2,"simple_mobs:ogreliver":1,"minecraft:golden_apple":2,"farmersdelight:onion":4,"minecraft:crafting_table":7,"epicfight:iron_tachi":39,"alexsmobs:flying_fish":1,"minecraft:apple":52,"minecraft:bread":54,"minecraft:iron_pickaxe":79,"minecraft:cyan_carpet":2,"minecraft:leather_helmet":1,"minecraft:enchanted_book":1,"minecraft:cobbled_deepslate_slab":1,"minecraft:smooth_stone":1,"minecraft:experience_bottle":2},"minecraft:mined":{"minecraft:red_carpet":2,"minecraft:white_bed":1,"minecraft:dark_oak_log":2,"minecraft:cobbled_deepslate_slab":1,"minecraft:grass_block":1,"minecraft:light_gray_bed":1,"minecraft:coal_block":3,"quark:orange_corundum_cluster":1,"goblinsanddungeons:urn":1,"minecraft:spawner":2,"minecraft:large_fern":2,"minecraft:hay_block":18,"minecraft:smooth_stone":3,"quark:bonded_leather":2,"quark:orange_corundum":2,"minecraft:andesite":2,"treechop:chopped_log":3,"minecraft:anvil":1,"minecraft:bookshelf":1,"minecraft:potatoes":2,"minecraft:iron_bars":2,"minecraft:lantern":2,"irons_spellbooks:inscription_table":3,"minecraft:stone":4,"minecraft:iron_block":4,"minecraft:spruce_slab":2,"minecraft:smithing_table":1,"alexsmobs:bison_carpet":2,"minecraft:cyan_terracotta":1,"supplementaries:book_pile":3,"minecraft:soul_lantern":1,"minecraft:oak_fence":3,"minecraft:crafting_table":1,"minecraft:copper_ore":2,"minecraft:tall_grass":1,"minecraft:sugar_cane":5,"minecraft:spruce_stairs":2,"minecraft:jungle_wood":3,"minecraft:wheat":2,"minecraft:white_carpet":1,"simple_mobs:nested_meat":3,"minecraft:grass":1,"minecraft:coal_ore":29,"minecraft:cyan_carpet":2,"minecraft:smooth_quartz":4,"minecraft:tripwire_hook":1,"minecraft:stone_bricks":1,"minecraft:infested_stone":3,"minecraft:fern":2},"minecraft:custom":{"lootr:looted_stat":33,"minecraft:mob_kills":131,"minecraft:interact_with_crafting_table":38,"minecraft:open_barrel":49,"minecraft:bell_ring":1,"minecraft:damage_dealt_resisted":732,"minecraft:leave_game":8,"minecraft:time_since_death":0,"minecraft:climb_one_cm":24121,"champions:champion_mobs_killed":108,"minecraft:sprint_one_cm":1600409,"minecraft:walk_one_cm":1659768,"minecraft:damage_blocked_by_shield":601,"minecraft:drop":83,"minecraft:damage_dealt_absorbed":6346,"minecraft:talked_to_villager":6,"minecraft:play_time":332535,"minecraft:deaths":26,"minecraft:sneak_time":3355,"minecraft:walk_under_water_one_cm":130621,"minecraft:boat_one_cm":426,"minecraft:interact_with_brewingstand":1,"minecraft:jump":2021,"minecraft:walk_on_water_one_cm":49419,"minecraft:total_world_time":332535,"minecraft:interact_with_furnace":48,"minecraft:traded_with_villager":2,"minecraft:sleep_in_bed":2,"minecraft:time_since_rest":426,"minecraft:waystone_activated":2,"minecraft:damage_taken":7370,"minecraft:damage_absorbed":38,"minecraft:trigger_trapped_chest":5,"minecraft:damage_dealt":29705,"minecraft:swim_one_cm":70326,"minecraft:fly_one_cm":2729631,"minecraft:open_chest":64,"minecraft:crouch_one_cm":3092,"minecraft:fall_one_cm":36820},"minecraft:dropped":{"minecraft:iron_ingot":1,"minecraft:wheat_seeds":21,"jet_and_elias_armors:highlander_set_leggings":3,"minecraft:golden_pickaxe":1,"minecraft:oak_fence":2,"quark:orange_corundum_cluster":5,"minecraft:iron_helmet":1,"minecraft:book":4,"minecraft:item_frame":1,"irons_spellbooks:scroll":1,"minecraft:dried_kelp":6,"epicfight:stone_greatsword":1,"minecraft:iron_pickaxe":1,"minecraft:smooth_stone":1,"minecraft:paper":4,"paraglider:paraglider":1,"minecraft:acacia_planks":11,"minecraft:bone":5,"minecraft:sugar_cane":6,"minecraft:birch_sapling":1,"minecraft:rotten_flesh":10,"minecraft:iron_boots":1,"sophisticatedbackpacks:backpack":1,"minecraft:leather_chestplate":1,"minecraft:iron_chestplate":1,"minecraft:andesite":2,"minecraft:leather_boots":1,"apotheosis:gem":1,"lilwings:paper_wings":2,"irons_spellbooks:iron_spell_book":2,"minecraft:birch_button":16,"minecraft:wooden_pickaxe":1,"minecraft:stone_pickaxe":1,"quark:orange_corundum":2},"minecraft:killed_by":{"minecraft:husk":2,"minecraft:wither_skeleton":1,"simple_mobs:bright_elemental":2,"minecraft:iron_golem":1,"minecraft:pillager":2,"dannys_expansion:cursed_skull":2,"minecraft:enderman":1,"simple_mobs:rat_mid":5,"alexsmobs:tiger":3,"simple_mobs:rat_small":1,"dannys_expansion:ghoul":1,"restored_earth:lobber_zombie":1,"minecraft:skeleton":1,"minecraft:zombie":2,"bloodandmadness:silverbeast":1},"minecraft:crafted":{"simple_mobs:bundled_emerald":1,"minecraft:iron_nugget":9,"irons_spellbooks:iron_spell_book":1,"minecraft:chain":3,"irons_spellbooks:wayward_compass":1,"alexsmobs:roadrunner_feather":4,"minecraft:iron_axe":1,"wom:iron_greataxe":1,"minecraft:stone_pickaxe":1,"epicfight:iron_greatsword":1,"sophisticatedbackpacks:iron_backpack":1,"paraglider:paraglider":2,"sophisticatedbackpacks:backpack":2,"minecraft:crafting_table":3,"minecraft:iron_sword":1,"epicfight:iron_longsword":1,"minecraft:acacia_boat":1,"minecraft:air":351,"epicfight:iron_tachi":1,"minecraft:iron_chestplate":1,"minecraft:iron_ingot":79,"minecraft:anvil":1},"minecraft:picked_up":{"irons_spellbooks:scroll":1,"minecraft:crafting_table":1,"minecraft:iron_chestplate":1,"minecraft:chicken":2,"minecraft:anvil":1,"quark:orange_corundum":2,"minecraft:golden_pickaxe":2,"minecraft:brown_mushroom":1,"minecraft:smithing_table":1,"minecraft:lead":2,"minecraft:enchanted_book":3,"minecraft:potion":2,"minecraft:birch_button":17,"minecraft:shield":1,"minecraft:raw_copper":7,"immersive_weathering:ash_layer_block":2,"minecraft:string":5,"minecraft:moss_carpet":2,"untamedwilds:food_bear_raw":8,"minecraft:item_frame":2,"minecraft:armor_stand":1,"quark:bonded_leather":2,"minecraft:white_carpet":1,"minecraft:experience_bottle":2,"minecraft:cyan_carpet":2,"irons_spellbooks:arcane_essence":7,"minecraft:smooth_stone":2,"minecraft:beef":7,"irons_spellbooks:epic_ink":1,"irons_spellbooks:inscription_table":3,"minecraft:iron_pickaxe":1,"minecraft:iron_nugget":2,"minecraft:smooth_quartz":4,"minecraft:spruce_slab":2,"minecraft:coal_block":3,"minecraft:sugar_cane":14,"minecraft:birch_sapling":2,"minecraft:egg":5,"quark:orange_corundum_cluster":5,"minecraft:stick":6,"apotheosis:gem":6,"minecraft:copper_ingot":4,"simple_mobs:rat_stomach":21,"minecraft:oak_fence":3,"minecraft:spruce_stairs":2,"minecraft:porkchop":4,"jet_and_elias_armors:highlander_set_leggings":3,"bloodandmadness:beastblood_clump":2,"minecraft:arrow":58,"minecraft:light_gray_bed":1,"minecraft:rotten_flesh":26,"minecraft:hay_block":18,"minecraft:iron_block":4,"minecraft:cyan_terracotta":1,"untamedwilds:hide_bigcat_tiger":2,"minecraft:music_disc_wait":1,"minecraft:iron_bars":2,"alexsmobs:flying_fish":1,"minecraft:cobblestone":4,"minecraft:birch_log":14,"minecraft:cooked_beef":16,"minecraft:andesite":2,"minecraft:tripwire_hook":1,"minecraft:salmon":3,"minecraft:leather":3,"untamedwilds:hide_bear_black":3,"minecraft:jungle_wood":3,"minecraft:potato":1,"minecraft:filled_map":1,"paraglider:spirit_orb":1,"minecraft:oak_log":5,"simple_mobs:griffin_feather":2,"minecraft:golden_boots":1,"minecraft:dirt":12,"minecraft:paper":1,"minecraft:lantern":2,"minecraft:white_banner":1,"minecraft:red_carpet":2,"minecraft:leather_boots":1,"simple_mobs:lootbag":3,"minecraft:bone":31,"irons_spellbooks:iron_spell_book":2,"minecraft:apple":1,"minecraft:gray_carpet":1,"untamedwilds:material_fat":3,"minecraft:bow":1,"minecraft:wheat_seeds":25,"minecraft:cobbled_deepslate_slab":1,"minecraft:rabbit":1,"minecraft:bamboo":2,"minecraft:iron_sword":1,"minecraft:book":4,"paraglider:essence":4,"quark:glass_item_frame":1,"simple_mobs:ogreliver":1,"untamedwilds:hide_bear_white":3,"minecraft:white_bed":1,"alexsmobs:bison_carpet":2,"immersive_weathering:stone_brick":1,"irons_spellbooks:ice_rune":1,"minecraft:soul_lantern":1,"lilwings:paper_wings":2,"minecraft:crossbow":1,"minecraft:bread":1,"minecraft:emerald":2,"minecraft:oak_sapling":9,"irons_spellbooks:uncommon_ink":1,"minecraft:coal":31},"minecraft:broken":{"minecraft:iron_chestplate":1,"minecraft:iron_boots":1,"minecraft:iron_leggings":1},"minecraft:killed":{"guardvillagers:guard":1,"minecraft:cave_spider":2,"simple_mobs:rat_small":14,"alexsmobs:tiger":3,"minecraft:spider":3,"irons_spellbooks:cryomancer":1,"minecraft:skeleton":5,"bloodandmadness:brainsucker":1,"hunterillager:hunterillager":2,"bloodandmadness:beast_patient":1,"goblinsanddungeons:garch":2,"simple_mobs:vampire":1,"minecraft:silverfish":3,"alexsmobs:flying_fish":1,"restored_earth:bouldering_zombie":3,"friendsandfoes:copper_golem":2,"minecraft:husk":1,"restored_earth:lobber_zombie":2,"untamedwilds:big_cat":1,"dannys_expansion:ghoul":2,"untamedwilds:bear":1,"minecraft:pillager":33,"minecraft:zombie":7,"simple_mobs:gob":3,"minecraft:wither_skeleton":2,"minecraft:cow":1,"simple_mobs:rat_mid":22}},"DataVersion":2975}