{"stats":{"minecraft:crafted":{"minecraft:oak_planks":12,"minecraft:furnace":1,"quark:birch_ladder":4,"lilwings:paper_wings":1,"minecraft:terracotta":2,"minecraft:stone_pickaxe":2,"minecraft:birch_button":9,"minecraft:coal_block":2,"minecraft:crafting_table":3,"minecraft:wooden_pickaxe":1,"minecraft:copper_ingot":5,"minecraft:birch_planks":24,"minecraft:stone_axe":1,"minecraft:air":52,"minecraft:bread":1,"farmersdelight:fried_egg":5,"minecraft:stick":12,"minecraft:iron_ingot":8,"minecraft:stone_sword":1,"minecraft:iron_leggings":1,"minecraft:light_gray_glazed_terracotta":4},"minecraft:killed":{"guardvillagers:guard":2,"simple_mobs:rat_small":4,"minecraft:spider":1,"restored_earth:bouldering_zombie":1,"simple_mobs:ogre":1,"minecraft:pig":2,"restored_earth:lobber_zombie":1,"untamedwilds:boar":2,"minecraft:sheep":1,"minecraft:zombie":4,"minecraft:wither_skeleton":3,"simple_mobs:rat_mid":7},"minecraft:dropped":{"minecraft:bread":1,"jet_and_elias_armors:highlander_set_leggings":4,"minecraft:book":1,"immersive_weathering:ash_layer_block":4,"minecraft:leather":1,"minecraft:emerald":2,"minecraft:dark_oak_leaves":1,"minecraft:jungle_leaves":1,"minecraft:gravel":2,"minecraft:birch_sapling":1,"minecraft:rotten_flesh":4,"minecraft:filled_map":1,"minecraft:beetroot_seeds":1,"lilwings:paper_wings":3,"minecraft:birch_button":8,"irons_spellbooks:iron_spell_book":2},"minecraft:killed_by":{"simple_mobs:rat_mid":1,"bloodandmadness:brainsucker":1,"humancompanions:archer":1},"minecraft:custom":{"lootr:looted_stat":5,"minecraft:mob_kills":22,"minecraft:animals_bred":8,"minecraft:interact_with_crafting_table":31,"minecraft:open_barrel":11,"minecraft:damage_dealt_resisted":685,"minecraft:leave_game":1,"minecraft:time_since_death":28918,"minecraft:climb_one_cm":2651,"champions:champion_mobs_killed":22,"minecraft:sprint_one_cm":558339,"minecraft:walk_one_cm":963234,"minecraft:damage_blocked_by_shield":198,"minecraft:drop":25,"minecraft:talked_to_villager":6,"minecraft:play_time":165978,"minecraft:deaths":3,"minecraft:sneak_time":361,"minecraft:walk_under_water_one_cm":1347,"minecraft:jump":649,"minecraft:walk_on_water_one_cm":15825,"minecraft:total_world_time":165978,"minecraft:interact_with_furnace":15,"minecraft:sleep_in_bed":5,"minecraft:time_since_rest":13046,"minecraft:waystone_activated":2,"minecraft:damage_taken":1708,"minecraft:damage_dealt":304,"minecraft:swim_one_cm":10641,"minecraft:fly_one_cm":80007,"minecraft:open_chest":20,"minecraft:crouch_one_cm":328,"minecraft:fall_one_cm":9536},"minecraft:broken":{"minecraft:flint_and_steel":1,"minecraft:stone_pickaxe":1},"minecraft:used":{"minecraft:stone_sword":272,"minecraft:flint_and_steel":63,"minecraft:shield":5,"minecraft:carrot":9,"minecraft:light_gray_glazed_terracotta":4,"quark:birch_ladder":4,"minecraft:birch_sapling":3,"minecraft:tripwire_hook":1,"minecraft:furnace":2,"minecraft:egg":1,"farmersdelight:fried_egg":3,"minecraft:wheat_seeds":17,"minecraft:birch_planks":1,"minecraft:stone_pickaxe":135,"minecraft:oak_planks":6,"minecraft:wooden_pickaxe":41,"minecraft:sugar_cane":2,"supplementaries:slingshot":2,"minecraft:white_wool":1,"minecraft:terracotta":2,"minecraft:crafting_table":8,"minecraft:light_gray_terracotta":19,"minecraft:white_bed":1,"minecraft:cod":6,"minecraft:shears":3,"minecraft:book":1,"minecraft:bread":16,"minecraft:gravel":1,"minecraft:stone_axe":54,"minecraft:air":1},"minecraft:picked_up":{"irons_spellbooks:scroll":1,"minecraft:crafting_table":6,"minecraft:iron_chestplate":1,"minecraft:wheat":18,"minecraft:chicken":2,"minecraft:clay_ball":8,"quark:orange_corundum":4,"minecraft:brown_mushroom":3,"minecraft:potion":1,"minecraft:birch_button":8,"minecraft:brewing_stand":1,"immersive_weathering:ash_layer_block":4,"minecraft:raw_copper":5,"minecraft:dark_oak_leaves":1,"minecraft:beef":2,"minecraft:sugar_cane":8,"minecraft:birch_sapling":4,"minecraft:furnace":2,"minecraft:iron_boots":1,"quark:orange_corundum_cluster":22,"minecraft:egg":6,"minecraft:dark_oak_sapling":7,"minecraft:stick":9,"minecraft:raw_iron":9,"apotheosis:gem":2,"simple_mobs:rat_stomach":4,"sophisticatedbackpacks:backpack":1,"minecraft:porkchop":7,"jet_and_elias_armors:highlander_set_leggings":4,"minecraft:carrot":8,"hexerei:sage_seed":12,"minecraft:rotten_flesh":4,"minecraft:beetroot_seeds":1,"minecraft:shears":1,"minecraft:mutton":2,"minecraft:white_wool":5,"minecraft:cobblestone":31,"paraglider:paraglider":1,"minecraft:birch_log":11,"minecraft:tripwire_hook":1,"minecraft:salmon":6,"minecraft:leather":2,"minecraft:red_mushroom":4,"paraglider:spirit_orb":1,"minecraft:oak_log":6,"minecraft:dirt":1,"irons_spellbooks:iron_spell_book":2,"minecraft:bone":9,"untamedwilds:material_fat":1,"minecraft:wheat_seeds":61,"minecraft:rabbit":4,"minecraft:book":2,"paraglider:essence":3,"minecraft:gravel":3,"minecraft:amethyst_shard":1,"minecraft:white_bed":1,"alexsmobs:bison_carpet":1,"minecraft:jungle_leaves":1,"quark:birch_ladder":1,"minecraft:light_gray_terracotta":24,"minecraft:purple_bed":1,"lilwings:paper_wings":2,"minecraft:iron_helmet":1,"minecraft:bread":1,"minecraft:coal":45},"minecraft:mined":{"minecraft:white_bed":1,"biomemakeover:wild_mushrooms":4,"minecraft:dark_oak_leaves":1,"minecraft:jungle_leaves":3,"minecraft:brewing_stand":1,"minecraft:red_mushroom":1,"quark:orange_corundum_cluster":15,"minecraft:spawner":1,"minecraft:large_fern":45,"minecraft:furnace":2,"minecraft:carrots":2,"quark:orange_corundum":4,"minecraft:iron_ore":9,"treechop:chopped_log":4,"minecraft:stone":29,"supplementaries:book_pile_horizontal":1,"minecraft:brown_mushroom":2,"minecraft:clay":2,"minecraft:crafting_table":6,"minecraft:light_gray_terracotta":24,"minecraft:copper_ore":2,"minecraft:tall_grass":23,"minecraft:cobblestone":2,"minecraft:sugar_cane":4,"minecraft:purple_bed":1,"minecraft:wheat":17,"minecraft:birch_leaves":2,"simple_mobs:nested_meat":3,"minecraft:oak_log":6,"minecraft:grass":155,"quark:birch_ladder":1,"minecraft:coal_ore":55,"minecraft:gravel":1,"minecraft:birch_button":1,"minecraft:dirt":1,"minecraft:gray_carpet":1,"minecraft:tripwire_hook":1,"minecraft:fern":38}},"DataVersion":2975}